{"data": [{"id": "10000", "timestamp": "2022-03-27T12:25:22.000Z", "reply_to": "10018", "comment": "@_5andman_ @cck689461 @MothershipSG If u cut off Russian and Ukraine  wheat , food commodities prices are going to soar . This does not fit into your narrative of cheaper commodities .", "social_media": "Twitter", "head_id": "1619325942", "conversation_id": "1507922082683793408"}, {"id": "10001", "timestamp": "2022-03-27T11:49:46.000Z", "reply_to": "1619325942", "comment": "@MothershipSG Russia is ending the war in Ukraine started by the US with the Maidan coup in 2014. \nhttps://t.co/VBmJgJH1xF", "social_media": "Twitter", "head_id": "1619325942", "conversation_id": "1507922082683793408"}, {"id": "10002", "timestamp": "2022-03-27T11:49:40.000Z", "reply_to": "1619325942", "comment": "@MothershipSG When the West including the EU talks about human rights and universal values, they don't extend it to people of colour and Muslims. \nhttps://t.co/y5cYYofPgy", "social_media": "Twitter", "head_id": "1619325942", "conversation_id": "1507922082683793408"}, {"id": "10003", "timestamp": "2022-03-27T11:49:35.000Z", "reply_to": "1619325942", "comment": "@MothershipSG The US wants to start a war between Russia and China like the one between Russia and Ukraine. \nhttps://t.co/dDbBQcA4xQ", "social_media": "Twitter", "head_id": "1619325942", "conversation_id": "1507922082683793408"}, {"id": "10004", "timestamp": "2022-03-27T11:49:29.000Z", "reply_to": "1619325942", "comment": "@MothershipSG Watch \"The horrific truth about the biological research labs in Ukraine.\" on YouTube\nhttps://t.co/ChL21MEUpH", "social_media": "Twitter", "head_id": "1619325942", "conversation_id": "1507922082683793408"}, {"id": "10005", "timestamp": "2022-03-27T11:49:25.000Z", "reply_to": "1619325942", "comment": "@MothershipSG The stars point to a better future for humanity without Nazis. \nhttps://t.co/8xAQWhDIi7", "social_media": "Twitter", "head_id": "1619325942", "conversation_id": "1507922082683793408"}, {"id": "10006", "timestamp": "2022-03-27T11:49:21.000Z", "reply_to": "1619325942", "comment": "@MothershipSG Russia is winning the war in Ukraine. Probably in another 10 months all of Ukraine will be liberated. \nWatch \"Russian Operations in Ukraine: Week 5 Update\" on YouTube\nhttps://t.co/XqBktkXcsq", "social_media": "Twitter", "head_id": "1619325942", "conversation_id": "1507922082683793408"}, {"id": "10007", "timestamp": "2022-03-27T11:07:26.000Z", "reply_to": "1619325942", "comment": "@MothershipSG Hahahaha just bcs the western say so, you have to join along. Dogs to the max", "social_media": "Twitter", "head_id": "1619325942", "conversation_id": "1507922082683793408"}, {"id": "10008", "timestamp": "2022-03-27T10:32:16.000Z", "reply_to": "1619325942", "comment": "@MothershipSG since when sanction work. Does it work on DPRK, Iran.", "social_media": "Twitter", "head_id": "1619325942", "conversation_id": "1507922082683793408"}, {"id": "10009", "timestamp": "2022-03-27T10:13:53.000Z", "reply_to": "10016", "comment": "@bureaucrat_sg @MothershipSG @RusEmbSG @mfa_russia @MFAsg @mhasingapore @SingaporePolice", "social_media": "Twitter", "head_id": "1619325942", "conversation_id": "1507922082683793408"}, {"id": "10010", "timestamp": "2022-03-27T08:49:50.000Z", "reply_to": "10031", "comment": "@slowpokemax You can tell you're over the target when the wumao start crawling out of the woodwork.", "social_media": "Twitter", "head_id": "1619325942", "conversation_id": "1507922082683793408"}, {"id": "10011", "timestamp": "2022-03-27T08:09:59.000Z", "reply_to": "1619325942", "comment": "@MothershipSG \ud83d\ude00\ud83d\ude00\ud83d\ude00\ud83d\ude00", "social_media": "Twitter", "head_id": "1619325942", "conversation_id": "1507922082683793408"}, {"id": "10012", "timestamp": "2022-03-27T07:50:00.000Z", "reply_to": "1619325942", "comment": "@MothershipSG Only Russia huh?\nWhat about the 28 international violations done by israel?\nOr the 1million Iraqis that was killed by the US only to go \"oops, there's no WMD in Iraq lah\"?\nList goes on. Why only necessary when Russia does it?", "social_media": "Twitter", "head_id": "1619325942", "conversation_id": "1507922082683793408"}, {"id": "10013", "timestamp": "2022-03-27T07:11:59.000Z", "reply_to": "10015", "comment": "@Coldcappuccino9 yes you are right, looks like they are under pressure to take side,  maybe there's a \"must follow policy\" term when buying the f35.\n(don't make nonsense \ud83d\ude04\ud83e\udd23)", "social_media": "Twitter", "head_id": "1619325942", "conversation_id": "1507922082683793408"}, {"id": "10014", "timestamp": "2022-03-27T06:46:45.000Z", "reply_to": "10023", "comment": "@cck689461 @MothershipSG Most likely.", "social_media": "Twitter", "head_id": "1619325942", "conversation_id": "1507922082683793408"}, {"id": "10015", "timestamp": "2022-03-27T06:35:34.000Z", "reply_to": "1619325942", "comment": "@MothershipSG iyalah... apa daya negara kecil s'pore dalam tekanan super power ?", "social_media": "Twitter", "head_id": "1619325942", "conversation_id": "1507922082683793408"}, {"id": "10016", "timestamp": "2022-03-27T06:16:34.000Z", "reply_to": "1619325942", "comment": "@MothershipSG @RusEmbSG @mfa_russia", "social_media": "Twitter", "head_id": "1619325942", "conversation_id": "1507922082683793408"}, {"id": "10017", "timestamp": "2022-03-27T05:51:59.000Z", "reply_to": "1619325942", "comment": "@MothershipSG something to talk about at the White House?", "social_media": "Twitter", "head_id": "1619325942", "conversation_id": "1507922082683793408"}, {"id": "10018", "timestamp": "2022-03-27T05:32:41.000Z", "reply_to": "10027", "comment": "@saryeongmi @MothershipSG What?? Keep quiet and lose business oppurtunity?  Don't be naive. Sanction will bring long term economic benefit to Singapore. A poor russia = cheap commodities for whole world leading to cheap end products.", "social_media": "Twitter", "head_id": "1619325942", "conversation_id": "1507922082683793408"}, {"id": "10019", "timestamp": "2022-03-27T05:30:42.000Z", "reply_to": "10023", "comment": "@cck689461 @MothershipSG You must be naive. Sanction will bring long term economic benefit to Singapore. A poor russia = cheap commodities.", "social_media": "Twitter", "head_id": "1619325942", "conversation_id": "1507922082683793408"}, {"id": "10020", "timestamp": "2022-03-27T05:30:04.000Z", "reply_to": "10032", "comment": "@koshbasak @MothershipSG Nope, sanction will bring long term economic benefit to Singapore. A poor russia = cheap commodities.", "social_media": "Twitter", "head_id": "1619325942", "conversation_id": "1507922082683793408"}, {"id": "10021", "timestamp": "2022-03-27T05:28:06.000Z", "reply_to": "1619325942", "comment": "@MothershipSG It is very clear that russia is the invader. Blaming anyone else is like blaming the victim after she got raped because she bought US pepper spray to protect herself. It is sick to have that mentality. Probably china culture to blame victim.", "social_media": "Twitter", "head_id": "1619325942", "conversation_id": "1507922082683793408"}, {"id": "10022", "timestamp": "2022-03-27T04:32:29.000Z", "reply_to": "1619325942", "comment": "@MothershipSG *canned sitcom laughter* https://t.co/aV3K37ptyf", "social_media": "Twitter", "head_id": "1619325942", "conversation_id": "1507922082683793408"}, {"id": "10023", "timestamp": "2022-03-27T04:20:06.000Z", "reply_to": "1619325942", "comment": "@MothershipSG At the behest of Uncle Sam ?", "social_media": "Twitter", "head_id": "1619325942", "conversation_id": "1507922082683793408"}, {"id": "10024", "timestamp": "2022-03-27T04:02:24.000Z", "reply_to": "10033", "comment": "@LopezOzone @MothershipSG Or to US perhaps? https://t.co/pTBHKz5lVX", "social_media": "Twitter", "head_id": "1619325942", "conversation_id": "1507922082683793408"}, {"id": "10025", "timestamp": "2022-03-27T04:01:21.000Z", "reply_to": "10033", "comment": "@LopezOzone @MothershipSG Israel was attacked by the Palestians at EACH of the israelo-arab war. Relearn ur history.", "social_media": "Twitter", "head_id": "1619325942", "conversation_id": "1507922082683793408"}, {"id": "10026", "timestamp": "2022-03-27T04:00:05.000Z", "reply_to": "1619325942", "comment": "@MothershipSG Sanctions? Which sanctions?\n\nRussians yachts freely moving to Singapore.\nRussian oill stil allowed.\nBilateral collaboration ongoing: construction of the Russian Cultural Centre in Rangoon Road just began on March 7.\netc.\n\nHypocrisy, Singaporean-style at its best.", "social_media": "Twitter", "head_id": "1619325942", "conversation_id": "1507922082683793408"}, {"id": "10027", "timestamp": "2022-03-27T03:41:02.000Z", "reply_to": "1619325942", "comment": "@MothershipSG what can we a small country do? We are nothing but small fly to Russia, keep quiet very hard ah?", "social_media": "Twitter", "head_id": "1619325942", "conversation_id": "1507922082683793408"}, {"id": "10028", "timestamp": "2022-03-27T03:39:53.000Z", "reply_to": "1619325942", "comment": "@MothershipSG small dot cannot fight russia! cower if russia use nuclear on sg", "social_media": "Twitter", "head_id": "1619325942", "conversation_id": "1507922082683793408"}, {"id": "10029", "timestamp": "2022-03-27T03:39:08.000Z", "reply_to": "1619325942", "comment": "@MothershipSG send the teo chee hean to ukraine and fight. old guy su king kok all he know", "social_media": "Twitter", "head_id": "1619325942", "conversation_id": "1507922082683793408"}, {"id": "10030", "timestamp": "2022-03-27T03:37:55.000Z", "reply_to": "1619325942", "comment": "@MothershipSG Did Singapore voice out on the illegal Iraq invasion which wasn\u2019t approved by the UN?", "social_media": "Twitter", "head_id": "1619325942", "conversation_id": "1507922082683793408"}, {"id": "10031", "timestamp": "2022-03-27T03:37:20.000Z", "reply_to": "1619325942", "comment": "@MothershipSG I wonder if these sanctions are the results of some influence and/or encouragement from external parties?", "social_media": "Twitter", "head_id": "1619325942", "conversation_id": "1507922082683793408"}, {"id": "10032", "timestamp": "2022-03-27T03:29:05.000Z", "reply_to": "1619325942", "comment": "@MothershipSG Walao keep quiet Very hard isit..", "social_media": "Twitter", "head_id": "1619325942", "conversation_id": "1507922082683793408"}, {"id": "10033", "timestamp": "2022-03-27T03:28:39.000Z", "reply_to": "1619325942", "comment": "@MothershipSG Why not on Israel, they\u2019ve done a lot to the Palestinians", "social_media": "Twitter", "head_id": "1619325942", "conversation_id": "1507922082683793408"}]}