{"1531214377": [{"id": "1504263587388596224", "text": "@zheng_corinne @MothershipSG If I suspect that she is where she is from, she wouldn't articulate her distaste in such a manner in her own backyard. Perhaps she would remain muted, hence the hyper aggressive display. Then again, that's no excuse for such ugly behaviour. Shame on her!"}, {"id": "1504015773739589632", "text": "@MothershipSG See la..govt want us to integrate with foreigners leh...how? only Integrated Bus Interchange maybe la.\n\u6cfc\u5987\u3002"}], "804973086567055360": [{"id": "962972184237940736", "text": "For 3 months I've been travelling for a travelogue on SE Asia and its hidden gems. Many stunning places, amazing people and fascinating stories. ASEAN has its problems, but also beauty. Get excited for @ChannelNewsAsia's 5-part doco Tapestry: The Heart of ASEAN \ud83d\udcfa Premiere: 27Feb https://t.co/f6VDbSY7HG"}, {"id": "870599884499427328", "text": "My \"studio\" for the weekend covering #ShangriLaDialogue @ShangriLaSG #SLD17 join me @ChannelNewsAsia https://t.co/EuLKjlCs2R"}], "1365682034551627779": [{"id": "1522933385106055168", "text": "@MothershipSG Covidiot!\ud83d\ude02"}, {"id": "1522950658650873858", "text": "@MothershipSG The idiots all gathered together for a nice outing. Are they back in the asylum now?"}, {"id": "1522933028246351873", "text": "@MothershipSG theres barely any checks for vaccination status so this is just leading people to nowhere"}, {"id": "1522972296503173122", "text": "@MothershipSG wasting time group....yawn..."}, {"id": "1522945093493485569", "text": "@MothershipSG Uhh the pple protesting do know that as babies we had to take mandatory shots such as Measles Mump Rubella (MMR), Polio etc right? ...right?"}, {"id": "1522937845261864960", "text": "@MothershipSG Do they have children? Did they ever ask their children if they were willing to be born? Their children\u2019s bodies, their choices!"}, {"id": "1522976559849558021", "text": "@zacroix @MothershipSG U can protest legally in Singapore if u dk. Like pink dot"}, {"id": "1522975526323113984", "text": "@MothershipSG \"I am healthy I have an immune system\" is possibly one of the most insensitive thing I have ever seen written"}], "1339037189565415425": [{"id": "1519260194370334720", "text": "@MothershipSG Quite a resume for freshies\u2026\u2026."}]}