id,timestamp,reply_to,comment,head_id,url,link_title,number_of_links,textblob_polarity,vader_compound_score,vader_polarity,overall_polarity,model_subjectivity,textblob_subjectivity,overall_subjectivity,vader_sentiment,topic_cluster,potential_bias
553553974293704704,Tue May 27 18:58:17 +0000 2014,553553331671408641,@SkyNews don't think they will like the coming vacation,553553331671408641,,,0,0.0,0.3612,POS,UNKNOWN,0.7931385,0.0,UNKNOWN,"{'neg': 0.0, 'neu': 0.762, 'pos': 0.238}",0,0
553553679593521152,Fri May 28 12:14:20 +0000 2010,553553331671408641,Jeez.. “@SkyNews: Armed police arrest young people on a scooter as they arrive near kosher store #ParisAttacks http://t.co/25nVj3ozJB”,553553331671408641,https://twitter.com/SkyNews/status/553553331671408641/photo/1;,['twitter.com'],1,0.05000000000000001,-0.34,NEU,NEU,0.0004340306,0.26666666666666666,OBJECTIVE,"{'neg': 0.138, 'neu': 0.862, 'pos': 0.0}",1,1
553556846746021888,Wed Jun 03 21:35:37 +0000 2009,553555193720090624,@genlady9 Israel thanks you for another $100   Haha the irony of you helping Israelis is beautiful,553553331671408641,,,0,0.4166666666666667,0.8957,POS,POS,0.99359906,0.5,SUBJECTIVE,"{'neg': 0.052, 'neu': 0.431, 'pos': 0.517}",0,1
553554699350462465,Sun Oct 19 15:53:20 +0000 2014,553554457519460353,@DevilsAdvocateU oh yes ofcourse but shame they must have gotten a fright,553553331671408641,,,0,0.0,-0.7717,NEG,UNKNOWN,0.07039637,0.0,OBJECTIVE,"{'neg': 0.434, 'neu': 0.46, 'pos': 0.106}",1,0
553557746751401985,Sun Nov 11 18:14:40 +0000 2012,553557043173269505,@genlady9 @SkyNews no...I'm not,553553331671408641,,,0,0.0,0.0,NEU,NEU,0.01586639,0.0,OBJECTIVE,"{'neg': 0.0, 'neu': 1.0, 'pos': 0.0}",0,0
553556768723595264,Sat Mar 12 15:42:46 +0000 2011,553553331671408641,WTF “@SkyNews: Armed police arrest young people on a scooter as they arrive near kosher store http://t.co/bdD3c6qkBB http://t.co/Xn9GOaO91G”,553553331671408641,http://t.co/bdD3c6qkBB;https://twitter.com/SkyNews/status/553553331671408641/photo/1;,"['t.co', 'twitter.com']",2,-0.08750000000000002,-0.7865,NEG,NEG,0.0004715603,0.44999999999999996,OBJECTIVE,"{'neg': 0.348, 'neu': 0.652, 'pos': 0.0}",1,1
553555547900100608,Sun Nov 11 18:14:40 +0000 2012,553554164639232002,@genlady9 @SkyNews yet 20% of nobel prizes are Jewish. Get out the cave you lvie in,553553331671408641,,,0,0.0,0.4588,POS,UNKNOWN,0.0047959457,0.0,OBJECTIVE,"{'neg': 0.0, 'neu': 0.812, 'pos': 0.188}",0,0
553553739144253440,Sun Nov 11 18:14:40 +0000 2012,553553396708278272,@genlady9 @SkyNews #FreeIsrael,553553331671408641,,,0,0.0,0.0,NEU,NEU,0.00803976,0.0,OBJECTIVE,"{'neg': 0.0, 'neu': 1.0, 'pos': 0.0}",0,0
553554164639232002,Fri Feb 28 11:29:57 +0000 2014,553553739144253440,@idfelite @SkyNews who is Israel ? Oh it's a state in America. http://t.co/RadIfFnAxq,553553331671408641,https://twitter.com/genlady9/status/553554164639232002/photo/1;,['twitter.com'],1,0.0,0.0,NEU,NEU,0.0128405765,0.0,OBJECTIVE,"{'neg': 0.0, 'neu': 1.0, 'pos': 0.0}",0,1
553555727697326080,Sun Feb 03 19:08:45 +0000 2013,553553708655857664,@NewsOnTheMin @SkyNews they were possibly called by the hostage takers as backup to assist them. Thankfully police caught them,553553331671408641,,,0,0.0,0.4215,POS,UNKNOWN,0.0006540231,1.0,UNKNOWN,"{'neg': 0.0, 'neu': 0.851, 'pos': 0.149}",1,0
553554259971956736,Mon Oct 27 15:47:10 +0000 2014,553553974293704704,@ZirikiZiriki I don't get it?,553553331671408641,,,0,0.0,0.0,NEU,NEU,0.9821071,0.0,UNKNOWN,"{'neg': 0.0, 'neu': 1.0, 'pos': 0.0}",0,0
553555193720090624,Fri Feb 28 11:29:57 +0000 2014,553554411252121600,@Baumee @SkyNews hshh bee go away .go to your filthy children killers army.murders http://t.co/BAUIfqVvKm,553553331671408641,https://twitter.com/genlady9/status/553555193720090624/photo/1;,['twitter.com'],1,-0.8,-0.6486,NEG,NEG,0.8185679,1.0,SUBJECTIVE,"{'neg': 0.301, 'neu': 0.699, 'pos': 0.0}",0,1
553555051390976001,Wed May 19 01:12:52 +0000 2010,553553331671408641,Incredible RT @SkyNews: Armed police arrest young people on a scooter as they arrive near kosher store #ParisAttacks http://t.co/mgjZ4cqgmg,553553331671408641,http://t.co/mgjZ4cqgmg;,['t.co'],1,0.2625,-0.34,NEU,NEU,0.00044420396,0.42500000000000004,OBJECTIVE,"{'neg': 0.13, 'neu': 0.87, 'pos': 0.0}",1,1
553554083530158080,Sun Oct 19 15:53:20 +0000 2014,553553331671408641,@SkyNews what did these youngsters do to be arrested?,553553331671408641,,,0,0.0,-0.4767,NEG,UNKNOWN,0.0015990022,0.0,OBJECTIVE,"{'neg': 0.307, 'neu': 0.693, 'pos': 0.0}",1,0
553558123709857792,Fri Feb 28 11:29:57 +0000 2014,553556846746021888,@Baumee thanks I will do my best.😏,553553331671408641,,,0,0.6,0.7964,POS,POS,0.9643874,0.25,UNKNOWN,"{'neg': 0.0, 'neu': 0.36, 'pos': 0.64}",0,1
553554457519460353,Mon Oct 27 15:47:10 +0000 2014,553554083530158080,"@Antonette245 I imagine they were told not to go near, interrupting police business etc. Tensions are high, blah blah",553553331671408641,,,0,0.13,-0.6908,NEG,UNKNOWN,0.68210036,0.47,UNKNOWN,"{'neg': 0.355, 'neu': 0.645, 'pos': 0.0}",1,0
553560780831219712,Wed Jun 03 21:35:37 +0000 2009,553558123709857792,@genlady9 I'm tracking your efforts so tweet away !!!,553553331671408641,,,0,0.0,0.0,NEU,NEU,0.6177666,0.0,UNKNOWN,"{'neg': 0.0, 'neu': 1.0, 'pos': 0.0}",0,0
553553396708278272,Fri Feb 28 11:29:57 +0000 2014,553553331671408641,"@SkyNews 
#StopKillingInnocentPeople
#FreePalestine
#freeBurma
#FreeSyria 
#FreeKashmir
http://t.co/ggBNiIa9fq",553553331671408641,https://twitter.com/genlady9/status/553487103288307713/photo/1;,['twitter.com'],1,0.0,0.0,NEU,NEU,0.0060181622,0.0,OBJECTIVE,"{'neg': 0.0, 'neu': 1.0, 'pos': 0.0}",0,1
553553708655857664,Wed Nov 10 10:04:32 +0000 2010,553553331671408641,PHOTO: Armed police arrest young people on a scooter as they arrive near kosher store #ParisAttacks @SkyNews http://t.co/T9ltdlCbha,553553331671408641,https://twitter.com/NewsOnTheMin/status/553553708655857664/photo/1;,['twitter.com'],1,0.05000000000000001,-0.34,NEU,NEU,0.00051678705,0.26666666666666666,OBJECTIVE,"{'neg': 0.138, 'neu': 0.862, 'pos': 0.0}",1,1
553554772578820097,Mon Jun 28 13:38:19 +0000 2010,553553331671408641,This photo: “@SkyNews: Armed police arrest young people on a scooter as they arrive near kosher store #ParisAttacks http://t.co/fAFGpUJq5X”,553553331671408641,https://twitter.com/SkyNews/status/553553331671408641/photo/1;,['twitter.com'],1,0.05000000000000001,-0.34,NEU,NEU,0.0011855204,0.26666666666666666,OBJECTIVE,"{'neg': 0.13, 'neu': 0.87, 'pos': 0.0}",1,1
553557043173269505,Fri Feb 28 11:29:57 +0000 2014,553555547900100608,@idfelite @SkyNews lol hahaha are u joking?😂,553553331671408641,,,0,0.5,0.8074,POS,POS,0.02868117,0.55,UNKNOWN,"{'neg': 0.0, 'neu': 0.194, 'pos': 0.806}",0,1
553554411252121600,Wed Jun 03 21:35:37 +0000 2009,553553396708278272,@genlady9 @SkyNews I'm donating $100 to Israeli charities for every tweet you make today on top of the usual amount.... Please tweet,553553331671408641,,,0,0.125,0.743,POS,POS,0.4352676,0.375,OBJECTIVE,"{'neg': 0.0, 'neu': 0.711, 'pos': 0.289}",0,1
553555111956717568,Mon Oct 27 15:47:10 +0000 2014,553554699350462465,@Antonette245 yeah of course,553553331671408641,,,0,0.0,0.296,NEU,NEU,0.100030705,0.0,OBJECTIVE,"{'neg': 0.0, 'neu': 0.476, 'pos': 0.524}",0,0
