{"1269622699761889280": [{"id": "1521021780365701121", "text": "@MothershipSG Does it have anything to do with the vaccine ? Thoughts and prayers . \ud83d\udd6f\ud83d\udc90"}, {"id": "1516013160695988225", "text": "@MothershipSG I think he should show more maturity and respect others . If he eats wasabi , that does not mean other people will eat wasabi . Has he considered the atheist sitting in the plane ? We need to learn not to force our beliefs on others . \u2764\ufe0f"}], "191956242": [{"id": "1501843536366342144", "text": "@MothershipSG We need to find these radicals. Need some counselling."}], "1445529975835095049": [{"id": "1507969560980328453", "text": "@MothershipSG iyalah... apa daya negara kecil s'pore dalam tekanan super power ?"}, {"id": "1505065575470362624", "text": "@MothershipSG Yishun is well known as many strange people and mad people staying there. Not surprising"}, {"id": "1502467416441327618", "text": "@MothershipSG Whats happening to sg recently..."}, {"id": "1502212902476197891", "text": "@Coldcappuccino9 @MothershipSG #twitter is much more respectable although it often irritates its users because A1 twitter is often mis-detected.\n- UN  EU  UK and China should #investigate the discovery  \n30 chems' labo'"}, {"id": "1499776449816895494", "text": "@MothershipSG Unbelievable \ud83d\ude13 so sad \ud83d\ude2d RIP \ud83d\ude4f\ud83c\udffb"}], "1422075857863020547": [{"id": "1514528289599094786", "text": "@ResenT___ @JinpingJohnson @MothershipSG Tbh it's regardless he's black or not it's a slur"}, {"id": "1511995364567846913", "text": "@ResenT___ @MothershipSG bro \ud83e\udd28\ud83d\ude10"}, {"id": "1509158971285786627", "text": "@ResenT___ @trailsad @MothershipSG No way! That's gay according to you."}, {"id": "1508829583545536517", "text": "@ChannelNewsAsia \ud83e\udd21\ud83e\udd21"}, {"id": "1508449122960912387", "text": "@ChannelNewsAsia \ud83e\udd21\ud83e\udd21\ud83e\udd21"}, {"id": "1507922630837383174", "text": "@MothershipSG Walao keep quiet Very hard isit.."}, {"id": "1506560509675405314", "text": "@ChannelNewsAsia Steps to go hell"}, {"id": "1497828671490768899", "text": "@ResenT___ @ChannelNewsAsia They missed the part where its their problem"}, {"id": "1497082614007877632", "text": "@MothershipSG SG also powerless to stop la."}, {"id": "1476131357684211712", "text": "@TheExcaliburH @hasrulyudistira @MothershipSG Viva asnawi he missed penalty and we go through final \ud83d\ude0b\ud83d\ude0b"}, {"id": "1458359211369197568", "text": "@UltronKilThanos @MothershipSG Considering the utter catastrophic decline Britain is now experiencing since leaving the EU, the evidence clearly suggests otherwise \ud83e\udd23\ud83d\ude02"}, {"id": "1456088533672759299", "text": "@SeowPhin @UltronKilThanos @MothershipSG It's OK if you are."}, {"id": "1455886862053113856", "text": "@UltronKilThanos @MothershipSG I am not gay"}, {"id": "1453386978452389897", "text": "@UltronKilThanos @MothershipSG The people also need to do their part to curb the virus"}], "2440204242": [{"id": "1507922522125516808", "text": "@MothershipSG Why not on Israel, they\u2019ve done a lot to the Palestinians"}, {"id": "1507922630837383174", "text": "@MothershipSG Walao keep quiet Very hard isit.."}], "563486684": [{"id": "1520327700275077120", "text": "@MothershipSG No thanks to the unnecessary lockdowns and implementing VDS which ostracized those who didn\u2019t take an experimental medical treatment."}, {"id": "1520274613736853505", "text": "@MothershipSG Waste of resources as usual"}]}