{"191956242": [{"id": "1509455953527476227", "text": "@MothershipSG Has nothing to do with this war la . Everytime also hike the price."}, {"id": "1509177168303390720", "text": "@MothershipSG ...... https://t.co/8ZUC00vilC"}, {"id": "1507988293132374019", "text": "@MothershipSG Only Russia huh?\nWhat about the 28 international violations done by israel?\nOr the 1million Iraqis that was killed by the US only to go \"oops, there's no WMD in Iraq lah\"?\nList goes on. Why only necessary when Russia does it?"}, {"id": "1507976126555357184", "text": "@Hungryweeb_sg @MothershipSG I mean,if you come into my house and declared it as yours, im not surprised you get an attack \ud83d\ude05"}, {"id": "1507282321460043777", "text": "RT @waniesn: @Erwin_Dawson @MothershipSG How the hell does rapists get lesser charges. \n\nWhat bs is this"}, {"id": "1507279565382885387", "text": "@zhao_zac @MothershipSG You are right \ud83d\ude42"}, {"id": "1507257905888006146", "text": "@NicholasLeow4 @MothershipSG Sadly. \nIt has to be case by case.\nEspecially if he could prove it was done for family. \nBecause what he did isn't immoral or unethical. If anything, it only proved that he is a good man"}, {"id": "1507238018952069120", "text": "@waniesn @MothershipSG Tell me abt it. \nI think he dont have NUS degree.\nGot degree means less sentence. Prison also follow meritocracy \ud83e\udd23"}, {"id": "1507210030155993091", "text": "@MothershipSG This is one of those moments where I'd say\n\"Thats why i like Malaysia\"\n\nSG Law has complete disregard for empathy. Super by the book not realizing that a book has no feelings but the human does.\n\nWhatever happened to case by case"}, {"id": "1506954619406405639", "text": "@dontknowbitch7 @MothershipSG My point, Ukrainians picking up arms to fight back Russia is as justified as Palestinians fighting back Israel for Oppression. \n\nDo you have a problem with that?"}, {"id": "1506953649217732610", "text": "@dontknowbitch7 @MothershipSG And of course the focus israel, the post is abt israel is it not?"}, {"id": "1506953278839726080", "text": "@dontknowbitch7 @MothershipSG Not all violence are wrong. If im oppressed,i have every right to be violent to protect myself and family.\nIm not a pacifist.\nIf you try to force me out of my home when ive been living there for generations, expect me to give you a heavy blow to your face. \nIs that not justified?"}, {"id": "1506952426506842116", "text": "@dontknowbitch7 @MothershipSG And pls. Dont be silly.\nOf cos ill support the one being oppressed.\nWhy would i support a country that they supports and promotes Zionism from day 1 of their \"birth\"?\nSome of their leaders was from terrorist group \"Irgun\".\nU crazy ah wanna support israel."}, {"id": "1506951511418753027", "text": "@dontknowbitch7 @MothershipSG Dude,u literally came onto tweet like i said something wrong.\nGo back to my initial tweet.\nLook at what u said.\nWas my comment wrong to say that sg govt doesn't condemn Israel but condemn russia."}, {"id": "1506841464067993600", "text": "@dontknowbitch7 @MothershipSG Note how u only insinuated that Russia is the one who broke international law as if israel did not\ud83e\udd23 eh enough la. U clearly got a best down here. Shush already.\nKnow your place ok"}], "1445529975835095049": [{"id": "1507969560980328453", "text": "@MothershipSG iyalah... apa daya negara kecil s'pore dalam tekanan super power ?"}, {"id": "1502543212954947587", "text": "@akusihgapapa12 @MothershipSG Waiting fo the continuation \ud83e\uddd0\n\nhttps://t.co/smRWlGX77Y"}, {"id": "1502269730014765057", "text": "@akusihgapapa12 @MothershipSG Emang kurang ajar, nih Ukraina dan Amerika,  jika terbukti mereka penyebab #pandemi itu sanksi berat, sangat berat.\n\nhttps://t.co/jFwMtRMDw6"}, {"id": "1502208408006529030", "text": "@MothershipSG Started to spiral out of control because of the discovery of thirty chems' laboratories ? hopefully the leaders will pay attention to that's discovery."}], "1345985412192374784": [{"id": "1524383149022535680", "text": "@MothershipSG Singapore, freedom of speech, 2022."}, {"id": "1524372493439430656", "text": "@MothershipSG Fk u Singapore. Fk u for that discrimination. Once again \ud83d\udd95"}, {"id": "1524371873814876162", "text": "@letmesleepzzzz @MothershipSG The full blame. She IS the one responsible."}, {"id": "1524371724153675776", "text": "@MothershipSG Thw mother is guilty. Too easy to blame the tray table \ud83e\udd26\u200d\u2642\ufe0f"}, {"id": "1524365012667486209", "text": "@Maggie25177056 @MothershipSG How is it relevant?\nSorry maybe i misunderstood ur tweet but who cares about her citizenship. She is a resident of Singapore."}, {"id": "1524263338279985152", "text": "@MothershipSG Singapore, 2022, no real healthcare insurrance.\n\ud83e\udd2c"}, {"id": "1523932747445637120", "text": "@ChannelNewsAsia \ud83d\udd25Singapore haze to rise 30% by end 2022"}, {"id": "1523917860401463297", "text": "@Suhairi72583306 @MothershipSG Learn how to read. Im not contradicting myself. Ur brain might be lost. That\u2019s it.\nIm telling u on all my tweets that NS is useless.\nUseless because its goal is NOT to defend Singapore. They lie about that. Its goal is exercise controls on a population of sheeps."}, {"id": "1523906547964809218", "text": "@Suhairi72583306 @MothershipSG It\u2019s what i mean:if NS was for total defense, you wld enrol Singaporean women instead of PR.\nIm PR. I won\u2019t fight for Sing. Not because i dont like Sing. But simply because my loyalty is with my country\nSame: nobody will force a Singaporean working in Kiev to fight in the Donbass"}, {"id": "1523844480553472001", "text": "@Suhairi72583306 @MothershipSG Also NS was truly for total defense, u would not enroll PR (which is just a visa status\u2026) but u would entol Singaporean women instead."}, {"id": "1523840008410468352", "text": "@Suhairi72583306 @MothershipSG 60 years ago\u2026 \nBut anyway that is not my point. My point is that NS does not make a good army. The contraryy actually. A professional army is way more efficient."}, {"id": "1523807311340261376", "text": "@noradnan207 @MothershipSG Why Singapore will always suck in football (and all other sports for that matter). They lose 5-0 to the 111th ranked nation.\n\n5-0\nvs the 111th ranked country.\n\nAnd Singaporeans say: \u201cwe were good\u201d"}, {"id": "1523806571125370880", "text": "@noradnan207 @SeletarVR @MothershipSG Result: 5-0.\nBut keep being satisfied with little."}, {"id": "1523799932062208000", "text": "@Suhairi72583306 @MothershipSG 1) Defend from whom?? u r surrounded by friends.\n2) a professionnal army is WAY more efficient that a conscript army. Wake up."}, {"id": "1523692367823310851", "text": "@YahooSG No. He has always been Thai (&amp; British). He never gave up his birth citizenships.\nHe did not default on any NS. He gave up his Singaporean passport, which he was given as a kid, when he was an adult &amp; he cld decide for himself.\nSingapore is not the center of the world. He\u2019s Thai."}, {"id": "1523686245347385344", "text": "@MothershipSG Mother Day is from kids to mothers. Not from husband to wife. \ud83e\udd26\u200d\u2642\ufe0f"}, {"id": "1523670006835294212", "text": "@ChannelNewsAsia Awesome job Ben Davis \ud83d\ude0a\ud83d\udc4d\ud83d\udc4d\nLoving it!"}, {"id": "1523669511353688065", "text": "@zillagoh @MothershipSG Hahahaha\u2026 he\u2019s not a traitor. He\u2019s half-british half-thai. Why would he play for a country full of xenophobes like u? \ud83e\udd23\ud83d\ude02\ud83d\ude05"}, {"id": "1523669243622879233", "text": "@MothershipSG Hahahaha good job Ben Davis! Loving it \ud83d\ude04"}, {"id": "1523642816915668992", "text": "@Jaqenhgar_84 @MothershipSG A long time friend."}, {"id": "1523642739136491521", "text": "@MothershipSG Cant wait to read who\u2019s the one who decided to discriminate against foreigners re. vaccination; or the one who decided it was ok to forbid foreigners to go &amp; see their family; or the one who thought it was cool to lock up in jail-like dorms migrants workers\n\nI\u2019ll wait a LONG time"}, {"id": "1523627686710571008", "text": "@MothershipSG Snitchapore"}, {"id": "1523627534453133312", "text": "@MothershipSG Dude, you should not introduce NS for women. You should stop NS for men. Don\u2019t pretend you don\u2019t get it."}], "1422075857863020547": [{"id": "1521018472213458945", "text": "@ChannelNewsAsia lanjiao"}, {"id": "1521017503522066433", "text": "@MothershipSG nice \ud83c\udf89\ud83d\udc4f"}, {"id": "1520992949932560384", "text": "@YahooSG nazi ukraine is h1tler . they are a country of lies. all of them are n@zis"}, {"id": "1520984941097807873", "text": "@MothershipSG 2 cane at the jayjay and one cane on the cock"}, {"id": "1520887256571322371", "text": "@ChannelNewsAsia ukrainians \ud83d\ude02\ud83d\ude02"}, {"id": "1520874822716506112", "text": "@ChannelNewsAsia MCI people like shit"}, {"id": "1520642024630022149", "text": "@ChannelNewsAsia nazi bastards"}, {"id": "1520598543953969152", "text": "@ChannelNewsAsia nazi ukraine must be stopped"}, {"id": "1520371998442295296", "text": "@MothershipSG singapore is a china country."}, {"id": "1520331646037561346", "text": "@MothershipSG thats some gay shit by pap"}, {"id": "1520284551318487040", "text": "@MothershipSG strip their titles and prison!"}, {"id": "1520284452832055296", "text": "@MothershipSG our hero putin the savior of eastern europe!"}, {"id": "1520253214188515329", "text": "@MothershipSG smiling like his gay like that"}, {"id": "1520206539931660289", "text": "@ChannelNewsAsia stand with a sh1t country full of n@zis"}, {"id": "1520206418615627779", "text": "@ChannelNewsAsia just wait till ukraine goes down \ud83d\ude02"}, {"id": "1520037156970196992", "text": "@YahooSG Glory to the red army and putin!"}, {"id": "1519912450694717440", "text": "@ChannelNewsAsia communism seems better"}, {"id": "1519509151223017472", "text": "@ChannelNewsAsia singapore shd be named as Putinpore"}, {"id": "1519154441823596545", "text": "RT @MothershipSG: KFC S'pore to sell mac &amp; cheese taco with fried chicken 'shell' &amp; no vegetables from Apr. 27, 2022 https://t.co/QbPyQWRop\u2026"}, {"id": "1519124090686443520", "text": "@ChannelNewsAsia glory to the russian army. a n@zi country must be taken down"}, {"id": "1518935923769364486", "text": "@MothershipSG i never notice there is 300 gay people supporting a gay activist"}, {"id": "1518935854060023809", "text": "@MothershipSG who goes there is 100 gay as fk"}, {"id": "1518881386610184193", "text": "@ChannelNewsAsia the ussr shall return"}, {"id": "1518855550435758080", "text": "@YahooSG remember russians lost 27 million lives in ww2 they should be heroes"}, {"id": "1518827372552011776", "text": "@MothershipSG 300 gay people and gay IQ"}, {"id": "1518827257699401729", "text": "RT @MothershipSG: Daiso S\u2019pore new prices start from S$2.14 up to $25.47 https://t.co/21gnXN8KN4 https://t.co/a3y3VH5ioo"}, {"id": "1518566450331811845", "text": "@MothershipSG gay people protesting cause their iq is gay af"}, {"id": "1518500495983538176", "text": "@MothershipSG hahahaha!well deserved guy"}, {"id": "1518413792576966657", "text": "@MothershipSG no one asked and i would not care"}, {"id": "1518076936047960064", "text": "@ChannelNewsAsia sg stands with russia!"}, {"id": "1517730372418928640", "text": "@ChannelNewsAsia sg when?"}, {"id": "1517699320539418626", "text": "@ChannelNewsAsia lets stand with the people of russia. the heroes of ww2 and a great leader and country"}, {"id": "1517482303089704960", "text": "RT @ChannelNewsAsia: BREAKING: No more group size limits, SafeEntry or TraceTogether check-ins for most places. Here's the latest on Singap\u2026"}, {"id": "1517475376225988608", "text": "RT @MothershipSG: Today's update. https://t.co/MssJWH1ORn"}, {"id": "1517365963947384832", "text": "@ChannelNewsAsia no we must support russia. ukraine is an evil n@zi country"}, {"id": "1516769578969628678", "text": "@MothershipSG throw him out"}, {"id": "1516037893894316035", "text": "@YahooSG clown country called singapore"}, {"id": "1516001445216387073", "text": "@MothershipSG shes a killer of 8 kids. cb law fuck"}, {"id": "1516001187551920129", "text": "@MothershipSG expose and find all his information."}, {"id": "1515986657765638146", "text": "@YahooSG singapore should support russia. i believe there is more people in sg that would support russia instead of that evil ukraine n@zi"}, {"id": "1515975608572215299", "text": "@MothershipSG ban is even better"}, {"id": "1515975573134508035", "text": "@MothershipSG its safe for malaysia to impose tariffs on singaporeans"}, {"id": "1515663707992629248", "text": "@ChannelNewsAsia all to support russia and glory to putin and the red army \ud83c\uddf7\ud83c\uddfa\u2692\ufe0f"}, {"id": "1515624307975942145", "text": "@ChannelNewsAsia support russia and putin. \ud83c\uddf7\ud83c\uddfa\ud83c\uddf7\ud83c\uddfa\ud83c\uddf7\ud83c\uddfa"}, {"id": "1515447268920655873", "text": "@ChannelNewsAsia a tribute to russians is better \ud83c\uddf7\ud83c\uddfa\ud83d\udc4d\u2692\ufe0f"}, {"id": "1515275153646972929", "text": "@MothershipSG Putin would be good"}, {"id": "1515246103142486020", "text": "@MothershipSG the major downfall of sg if this happens goodbye sg politicr"}], "2440204242": [{"id": "1522453628958625792", "text": "@ChannelNewsAsia Is  india following the West to steal assets of other countries?"}, {"id": "1519257043546570752", "text": "@MothershipSG No cheats in the Bar please"}], "563486684": [{"id": "1520303985818800128", "text": "@MothershipSG Glad that Jokowi chose to be impartial and not bend to the dictates of the West.  A wise leader indeed. Some lesser leader would have gave in easily."}, {"id": "1520299255587647490", "text": "@MothershipSG Even though I'm not in favor of this persecution of the opposition, I hope it'll serve as a wake up call to them as I personally feel that they have not done much but taken a middle of the road stance in parliament since the last election."}, {"id": "1520009716331532289", "text": "@antiDSforever @MothershipSG We all are. Only Sheeples are not tired."}, {"id": "1520008143958253568", "text": "@MothershipSG They thought they could slip this one in. Too bad."}, {"id": "1520007773932515336", "text": "@MothershipSG Pattern starts all over again. Same modus operandi."}, {"id": "1519570986991067136", "text": "@MothershipSG Anyone find it strange that there was hardly any mention of dengue the last two years until they decided to ease up on the covid measures? Seems like they need something to constantly put fear in us??"}]}