{"data": [{"id": "553553974293704704", "timestamp": "Tue May 27 18:58:17 +0000 2014", "reply_to": "553553331671408641", "comment": "@SkyNews don't think they will like the coming vacation", "head_id": "553553331671408641"}, {"id": "553553679593521152", "timestamp": "Fri May 28 12:14:20 +0000 2010", "reply_to": "553553331671408641", "comment": "Jeez.. \u201c@SkyNews: Armed police arrest young people on a scooter as they arrive near kosher store #ParisAttacks http://t.co/25nVj3ozJB\u201d", "head_id": "553553331671408641"}, {"id": "553556846746021888", "timestamp": "Wed Jun 03 21:35:37 +0000 2009", "reply_to": "553555193720090624", "comment": "@genlady9 Israel thanks you for another $100   Haha the irony of you helping Israelis is beautiful", "head_id": "553553331671408641"}, {"id": "553554699350462465", "timestamp": "Sun Oct 19 15:53:20 +0000 2014", "reply_to": "553554457519460353", "comment": "@DevilsAdvocateU oh yes ofcourse but shame they must have gotten a fright", "head_id": "553553331671408641"}, {"id": "553557746751401985", "timestamp": "Sun Nov 11 18:14:40 +0000 2012", "reply_to": "553557043173269505", "comment": "@genlady9 @SkyNews no...I'm not", "head_id": "553553331671408641"}, {"id": "553556768723595264", "timestamp": "Sat Mar 12 15:42:46 +0000 2011", "reply_to": "553553331671408641", "comment": "WTF \u201c@SkyNews: Armed police arrest young people on a scooter as they arrive near kosher store http://t.co/bdD3c6qkBB http://t.co/Xn9GOaO91G\u201d", "head_id": "553553331671408641"}, {"id": "553555547900100608", "timestamp": "Sun Nov 11 18:14:40 +0000 2012", "reply_to": "553554164639232002", "comment": "@genlady9 @SkyNews yet 20% of nobel prizes are Jewish. Get out the cave you lvie in", "head_id": "553553331671408641"}, {"id": "553553739144253440", "timestamp": "Sun Nov 11 18:14:40 +0000 2012", "reply_to": "553553396708278272", "comment": "@genlady9 @SkyNews #FreeIsrael", "head_id": "553553331671408641"}, {"id": "553554164639232002", "timestamp": "Fri Feb 28 11:29:57 +0000 2014", "reply_to": "553553739144253440", "comment": "@idfelite @SkyNews who is Israel ? Oh it's a state in America. http://t.co/RadIfFnAxq", "head_id": "553553331671408641"}, {"id": "553555727697326080", "timestamp": "Sun Feb 03 19:08:45 +0000 2013", "reply_to": "553553708655857664", "comment": "@NewsOnTheMin @SkyNews they were possibly called by the hostage takers as backup to assist them. Thankfully police caught them", "head_id": "553553331671408641"}, {"id": "553554259971956736", "timestamp": "Mon Oct 27 15:47:10 +0000 2014", "reply_to": "553553974293704704", "comment": "@ZirikiZiriki I don't get it?", "head_id": "553553331671408641"}, {"id": "553555193720090624", "timestamp": "Fri Feb 28 11:29:57 +0000 2014", "reply_to": "553554411252121600", "comment": "@Baumee @SkyNews hshh bee go away .go to your filthy children killers army.murders http://t.co/BAUIfqVvKm", "head_id": "553553331671408641"}, {"id": "553555051390976001", "timestamp": "Wed May 19 01:12:52 +0000 2010", "reply_to": "553553331671408641", "comment": "Incredible RT @SkyNews: Armed police arrest young people on a scooter as they arrive near kosher store #ParisAttacks http://t.co/mgjZ4cqgmg", "head_id": "553553331671408641"}, {"id": "553554083530158080", "timestamp": "Sun Oct 19 15:53:20 +0000 2014", "reply_to": "553553331671408641", "comment": "@SkyNews what did these youngsters do to be arrested?", "head_id": "553553331671408641"}, {"id": "553558123709857792", "timestamp": "Fri Feb 28 11:29:57 +0000 2014", "reply_to": "553556846746021888", "comment": "@Baumee thanks I will do my best.\ud83d\ude0f", "head_id": "553553331671408641"}, {"id": "553554457519460353", "timestamp": "Mon Oct 27 15:47:10 +0000 2014", "reply_to": "553554083530158080", "comment": "@Antonette245 I imagine they were told not to go near, interrupting police business etc. Tensions are high, blah blah", "head_id": "553553331671408641"}, {"id": "553560780831219712", "timestamp": "Wed Jun 03 21:35:37 +0000 2009", "reply_to": "553558123709857792", "comment": "@genlady9 I'm tracking your efforts so tweet away !!!", "head_id": "553553331671408641"}, {"id": "553553396708278272", "timestamp": "Fri Feb 28 11:29:57 +0000 2014", "reply_to": "553553331671408641", "comment": "@SkyNews \n#StopKillingInnocentPeople\n#FreePalestine\n#freeBurma\n#FreeSyria \n#FreeKashmir\nhttp://t.co/ggBNiIa9fq", "head_id": "553553331671408641"}, {"id": "553553708655857664", "timestamp": "Wed Nov 10 10:04:32 +0000 2010", "reply_to": "553553331671408641", "comment": "PHOTO: Armed police arrest young people on a scooter as they arrive near kosher store #ParisAttacks @SkyNews http://t.co/T9ltdlCbha", "head_id": "553553331671408641"}, {"id": "553554772578820097", "timestamp": "Mon Jun 28 13:38:19 +0000 2010", "reply_to": "553553331671408641", "comment": "This photo: \u201c@SkyNews: Armed police arrest young people on a scooter as they arrive near kosher store #ParisAttacks http://t.co/fAFGpUJq5X\u201d", "head_id": "553553331671408641"}, {"id": "553557043173269505", "timestamp": "Fri Feb 28 11:29:57 +0000 2014", "reply_to": "553555547900100608", "comment": "@idfelite @SkyNews lol hahaha are u joking?\ud83d\ude02", "head_id": "553553331671408641"}, {"id": "553554411252121600", "timestamp": "Wed Jun 03 21:35:37 +0000 2009", "reply_to": "553553396708278272", "comment": "@genlady9 @SkyNews I'm donating $100 to Israeli charities for every tweet you make today on top of the usual amount.... Please tweet", "head_id": "553553331671408641"}, {"id": "553555111956717568", "timestamp": "Mon Oct 27 15:47:10 +0000 2014", "reply_to": "553554699350462465", "comment": "@Antonette245 yeah of course", "head_id": "553553331671408641"}]}