{"data": [{"id": "10038", "timestamp": "2022-05-07T13:40:35.000Z", "reply_to": "1619325942", "comment": "@MothershipSG Why were they not arrested for illegal gathering?", "social_media": "Twitter", "head_id": "1619325942", "conversation_id": "1522931750451617793", "user_id": "1474416398"}, {"id": "10000", "timestamp": "2022-05-08T15:09:14.000Z", "reply_to": "10038", "comment": "@zacroix @MothershipSG Is about time for people to speak their rights and truth...this is a small country and so many funerals flourish all over", "social_media": "Twitter", "head_id": "1619325942", "conversation_id": "1522931750451617793", "user_id": "1520451553165193216"}, {"id": "10001", "timestamp": "2022-05-08T11:36:53.000Z", "reply_to": "1619325942", "comment": "@MothershipSG Lanjiao ah! Healing the divide but causing more divisions", "social_media": "Twitter", "head_id": "1619325942", "conversation_id": "1522931750451617793", "user_id": "1348988297205305345"}, {"id": "10002", "timestamp": "2022-05-08T11:30:17.000Z", "reply_to": "1619325942", "comment": "@MothershipSG She's a clown", "social_media": "Twitter", "head_id": "1619325942", "conversation_id": "1522931750451617793", "user_id": "770445136371167232"}, {"id": "10003", "timestamp": "2022-05-08T11:21:23.000Z", "reply_to": "1619325942", "comment": "@MothershipSG For every protest in any country, there is always an angmoh in it.", "social_media": "Twitter", "head_id": "1619325942", "conversation_id": "1522931750451617793", "user_id": "1516288928047071233"}, {"id": "10004", "timestamp": "2022-05-08T11:17:04.000Z", "reply_to": "1619325942", "comment": "@MothershipSG Joker or dumber?", "social_media": "Twitter", "head_id": "1619325942", "conversation_id": "1522931750451617793", "user_id": "135490445"}, {"id": "10005", "timestamp": "2022-05-08T09:39:48.000Z", "reply_to": "10006", "comment": "@anndraco0523 @MothershipSG Arrrrrr... Wrong comparison.", "social_media": "Twitter", "head_id": "1619325942", "conversation_id": "1522931750451617793", "user_id": "1234746671365378049"}, {"id": "10006", "timestamp": "2022-05-08T07:14:34.000Z", "reply_to": "10007", "comment": "@McStackinn @MothershipSG All vaccines have to undergo human trials before being given to the general public. Its not something that is exclusively done during this pandemic.", "social_media": "Twitter", "head_id": "1619325942", "conversation_id": "1522931750451617793", "user_id": "824783499492077570"}, {"id": "10007", "timestamp": "2022-05-08T06:27:07.000Z", "reply_to": "10006", "comment": "@anndraco0523 @MothershipSG Those were not experimental duh", "social_media": "Twitter", "head_id": "1619325942", "conversation_id": "1522931750451617793", "user_id": "1422221555950518275"}, {"id": "10008", "timestamp": "2022-05-08T05:44:08.000Z", "reply_to": "1619325942", "comment": "@MothershipSG What is there to protest now no need to trace together u can go anywhere u want too free these people", "social_media": "Twitter", "head_id": "1619325942", "conversation_id": "1522931750451617793", "user_id": "1531214377"}, {"id": "10009", "timestamp": "2022-05-08T03:59:03.000Z", "reply_to": "1619325942", "comment": "@MothershipSG Can\u2019t wait for her to be thrown in jail", "social_media": "Twitter", "head_id": "1619325942", "conversation_id": "1522931750451617793", "user_id": "403848954"}, {"id": "10010", "timestamp": "2022-05-08T02:57:20.000Z", "reply_to": "1619325942", "comment": "@MothershipSG all vaxxine never works \ud83d\udd95they are poison if give a choice most will not inject their baby with poison\ud83d\udc89\ud83d\udc89\ud83d\udc89(bcg,polio,hep a/b/c, meningitis)\n\nprotest against (WHO)plandemic treaty kill gates poison \ud83d\udc89 \ud83d\udc89 \ud83d\udc89 they want to supercedes your constitutional right", "social_media": "Twitter", "head_id": "1619325942", "conversation_id": "1522931750451617793", "user_id": "1058080638614421504"}, {"id": "10011", "timestamp": "2022-05-08T02:46:10.000Z", "reply_to": "1619325942", "comment": "@MothershipSG Not surprising.\nIt's this category of people who would vote for Donald Trump and Bombong Marcos.\nThey would probably declare that Russia's invasion of Ukraine is justified.\nThey're breathing the wrong air in the wrong country.", "social_media": "Twitter", "head_id": "1619325942", "conversation_id": "1522931750451617793", "user_id": "804973086567055360"}, {"id": "10012", "timestamp": "2022-05-08T01:47:16.000Z", "reply_to": "10006", "comment": "@anndraco0523 @MothershipSG Yeah and you do know that those vaccines took years of research and testing to be developed??", "social_media": "Twitter", "head_id": "1619325942", "conversation_id": "1522931750451617793", "user_id": "1485528862893109250"}, {"id": "10013", "timestamp": "2022-05-08T01:30:09.000Z", "reply_to": "10018", "comment": "@frivolousssss @tonedknees @anndraco0523 @MothershipSG You don\u2019t sound smart to me.", "social_media": "Twitter", "head_id": "1619325942", "conversation_id": "1522931750451617793", "user_id": "633515282"}, {"id": "10014", "timestamp": "2022-05-08T00:58:22.000Z", "reply_to": "10029", "comment": "@Actarus_dEuphor @Saccorhytus1 @MothershipSG What is a strong cold?", "social_media": "Twitter", "head_id": "1619325942", "conversation_id": "1522931750451617793", "user_id": "35415789"}, {"id": "10015", "timestamp": "2022-05-07T23:19:27.000Z", "reply_to": "10027", "comment": "@tonedknees @MothershipSG It would seem that the signs these folks have on display would beg to differ tho... (based off the pics from mothership)", "social_media": "Twitter", "head_id": "1619325942", "conversation_id": "1522931750451617793", "user_id": "824783499492077570"}, {"id": "10016", "timestamp": "2022-05-07T19:40:17.000Z", "reply_to": "10040", "comment": "@K31thc0m @MothershipSG Oh yeah, I don't need to safe entry to most of not all places... The ship has sailed ATM. Which is probably why the permit was granted in the first place. Ok la now I give you talk.", "social_media": "Twitter", "head_id": "1619325942", "conversation_id": "1522931750451617793", "user_id": "83822931"}, {"id": "10017", "timestamp": "2022-05-07T18:13:12.000Z", "reply_to": "1619325942", "comment": "@MothershipSG Well, lets see what latest research says about vaccine vs Omicron: \ud83d\udc81\u200d\u2642\ufe0f https://t.co/PY8EbJQS6Y", "social_media": "Twitter", "head_id": "1619325942", "conversation_id": "1522931750451617793", "user_id": "3246610436"}, {"id": "10018", "timestamp": "2022-05-07T18:07:38.000Z", "reply_to": "10027", "comment": "@tonedknees @anndraco0523 @MothershipSG you must be one of their followers", "social_media": "Twitter", "head_id": "1619325942", "conversation_id": "1522931750451617793", "user_id": "2914335456"}, {"id": "10019", "timestamp": "2022-05-07T17:45:28.000Z", "reply_to": "1619325942", "comment": "@MothershipSG What a joke. 100 plus people out of 5.68 million people in Singapore. As if that\u2019s going to make a difference. Blind leading the blind.", "social_media": "Twitter", "head_id": "1619325942", "conversation_id": "1522931750451617793", "user_id": "1365682034551627779"}, {"id": "10020", "timestamp": "2022-05-07T16:53:52.000Z", "reply_to": "1619325942", "comment": "@MothershipSG nobody's stopping you https://t.co/Nj2znrlW7w", "social_media": "Twitter", "head_id": "1619325942", "conversation_id": "1522931750451617793", "user_id": "1339037189565415425"}, {"id": "10021", "timestamp": "2022-05-07T16:28:02.000Z", "reply_to": "10038", "comment": "@zacroix @MothershipSG U can protest legally in Singapore if u dk. Like pink dot", "social_media": "Twitter", "head_id": "1619325942", "conversation_id": "1522931750451617793", "user_id": "1365621139104362496"}, {"id": "10022", "timestamp": "2022-05-07T16:23:55.000Z", "reply_to": "1619325942", "comment": "@MothershipSG \"I am healthy I have an immune system\" is possibly one of the most insensitive thing I have ever seen written", "social_media": "Twitter", "head_id": "1619325942", "conversation_id": "1522931750451617793", "user_id": "1499140477718872072"}, {"id": "10023", "timestamp": "2022-05-07T16:11:05.000Z", "reply_to": "1619325942", "comment": "@MothershipSG wasting time group....yawn...", "social_media": "Twitter", "head_id": "1619325942", "conversation_id": "1522931750451617793", "user_id": "273802748"}, {"id": "10024", "timestamp": "2022-05-07T15:32:59.000Z", "reply_to": "1619325942", "comment": "@MothershipSG This is MOTHERSHIT corrupted reporting. Should be POFMAed.\nhttps://t.co/o9iCzdOAyH", "social_media": "Twitter", "head_id": "1619325942", "conversation_id": "1522931750451617793", "user_id": "1266607549245091840"}, {"id": "10025", "timestamp": "2022-05-07T15:18:50.000Z", "reply_to": "1619325942", "comment": "@MothershipSG Abit too late if damage has been done. Vacc and unvacc now have almost similar \"entitlements\".", "social_media": "Twitter", "head_id": "1619325942", "conversation_id": "1522931750451617793", "user_id": "890795094256648192"}, {"id": "10026", "timestamp": "2022-05-07T15:11:56.000Z", "reply_to": "1619325942", "comment": "@MothershipSG Yesterday I came across this .. #pfizerdocuments.", "social_media": "Twitter", "head_id": "1619325942", "conversation_id": "1522931750451617793", "user_id": "45468430"}, {"id": "10027", "timestamp": "2022-05-07T15:10:12.000Z", "reply_to": "10006", "comment": "@anndraco0523 @MothershipSG A protest against COVID-19 vaccine does not equate to being anti-vaccine.\n\nIt's a mystery how these inferior product are classified under the good names of vaccines in the first place.", "social_media": "Twitter", "head_id": "1619325942", "conversation_id": "1522931750451617793", "user_id": "267718851"}, {"id": "10028", "timestamp": "2022-05-07T14:55:04.000Z", "reply_to": "1619325942", "comment": "@MothershipSG It\u2019s not compulsory to be vaccinated.", "social_media": "Twitter", "head_id": "1619325942", "conversation_id": "1522931750451617793", "user_id": "1389416874786496514"}, {"id": "10029", "timestamp": "2022-05-07T14:48:27.000Z", "reply_to": "10007", "comment": "@McStackinn @MothershipSG I like to understand things. But, here, i admit: im totally clueless. Clueless. Why all of them are keeping their mask? I just do not get it. \nCan someone really give me a rational reason they behave this way?", "social_media": "Twitter", "head_id": "1619325942", "conversation_id": "1522931750451617793", "user_id": "1345985412192374784"}, {"id": "10030", "timestamp": "2022-05-07T14:48:16.000Z", "reply_to": "1619325942", "comment": "@MothershipSG Dumb ways to die +1", "social_media": "Twitter", "head_id": "1619325942", "conversation_id": "1522931750451617793", "user_id": "1509197192459816962"}, {"id": "10031", "timestamp": "2022-05-07T14:45:06.000Z", "reply_to": "1619325942", "comment": "@MothershipSG The idiots all gathered together for a nice outing. Are they back in the asylum now?", "social_media": "Twitter", "head_id": "1619325942", "conversation_id": "1522931750451617793", "user_id": "4859607969"}, {"id": "10032", "timestamp": "2022-05-07T14:44:43.000Z", "reply_to": "10007", "comment": "@McStackinn @MothershipSG https://t.co/CpXrsIF9mq", "social_media": "Twitter", "head_id": "1619325942", "conversation_id": "1522931750451617793", "user_id": "1224750245805875201"}, {"id": "10033", "timestamp": "2022-05-07T14:22:59.000Z", "reply_to": "1619325942", "comment": "@MothershipSG Uhh the pple protesting do know that as babies we had to take mandatory shots such as Measles Mump Rubella (MMR), Polio etc right? ...right?", "social_media": "Twitter", "head_id": "1619325942", "conversation_id": "1522931750451617793", "user_id": "824783499492077570"}, {"id": "10034", "timestamp": "2022-05-07T13:58:16.000Z", "reply_to": "10039", "comment": "@Saccorhytus1 @MothershipSG Because having accepted a 2 years lockdown like a sheep for a strong cold doesnt make u a covid retard?", "social_media": "Twitter", "head_id": "1619325942", "conversation_id": "1522931750451617793", "user_id": "1345985412192374784"}, {"id": "10035", "timestamp": "2022-05-07T13:56:50.000Z", "reply_to": "1619325942", "comment": "@MothershipSG \u201cNearly all of them were not wearing masks.\u201d\n\nWell duh, they aren\u2019t like the majority of sheeps in SG still mindlessly masking up outdoors, inhaling their own breath and accumulating microplastics in their lungs all in the name of health.\n\nhttps://t.co/7lc3efDipp", "social_media": "Twitter", "head_id": "1619325942", "conversation_id": "1522931750451617793", "user_id": "1422221555950518275"}, {"id": "10036", "timestamp": "2022-05-07T13:54:11.000Z", "reply_to": "1619325942", "comment": "@MothershipSG Do they have children? Did they ever ask their children if they were willing to be born? Their children\u2019s bodies, their choices!", "social_media": "Twitter", "head_id": "1619325942", "conversation_id": "1522931750451617793", "user_id": "1459652820630904833"}, {"id": "10037", "timestamp": "2022-05-07T13:41:00.000Z", "reply_to": "1619325942", "comment": "@MothershipSG Doubt the 'My Body My Choice' line works with these folks when it comes to abortion. \ud83d\ude44", "social_media": "Twitter", "head_id": "1619325942", "conversation_id": "1522931750451617793", "user_id": "21622264"}, {"id": "10039", "timestamp": "2022-05-07T13:36:28.000Z", "reply_to": "1619325942", "comment": "@MothershipSG Covidiot!\ud83d\ude02", "social_media": "Twitter", "head_id": "1619325942", "conversation_id": "1522931750451617793", "user_id": "1493770174830235665"}, {"id": "10040", "timestamp": "2022-05-07T13:35:03.000Z", "reply_to": "1619325942", "comment": "@MothershipSG theres barely any checks for vaccination status so this is just leading people to nowhere", "social_media": "Twitter", "head_id": "1619325942", "conversation_id": "1522931750451617793", "user_id": "1435135618133024768"}]}